<?xml version="1.0" encoding="UTF-8" ?>
<!DOCTYPE mapper PUBLIC "-//mybatis.org//DTD Mapper 3.0//EN" "http://mybatis.org/dtd/mybatis-3-mapper.dtd">
<mapper namespace="com.jsite.modules.file.dao.SysFileTreeDao">
    
	<sql id="sysFileTreeColumns">
		a.id AS "id",
		a.parent_id AS "parentId",
		a.parent_ids AS "parentIds",
		a.name AS "name",
		a.sort AS "sort",
		a.tree_level AS "treeLevel",
		a.tree_leaf AS "treeLeaf",
		a.create_by AS "createBy.id",
		a.create_date AS "createDate",
		a.update_by AS "updateBy.id",
		a.update_date AS "updateDate",
		a.remarks AS "remarks",
		a.del_flag AS "delFlag",
		
		u.name AS "parentName"
	</sql>
	
	<sql id="sysFileTreeJoins">
	 	LEFT JOIN  sys_file_tree u on u.id = a.parent_id
	</sql>
    
	<select id="get" resultType="SysFileTree">
		SELECT 
			<include refid="sysFileTreeColumns"/>
		FROM sys_file_tree a
		<include refid="sysFileTreeJoins"/>
		WHERE a.id = #{id}
	</select>
	
	<select id="findList" resultType="SysFileTree">
		SELECT 
			<include refid="sysFileTreeColumns"/>
		FROM sys_file_tree a
		<include refid="sysFileTreeJoins"/>
		<where>
			a.del_flag = #{DEL_FLAG_NORMAL}
			<if test="name != null and name != ''">
				AND a.name LIKE 
					<if test="dbName == 'oracle'">'%'||#{name}||'%'</if>
					<if test="dbName == 'mssql'">'%'+#{name}+'%'</if>
					<if test="dbName == 'mysql'">concat('%',#{name},'%')</if>
			</if>
			<if test="parentId != null and parentId != null and parentId != ''">
				AND a.parent_id LIKE #{parentId}
			</if>
		</where>
		<choose>
			<when test="page !=null and page.orderBy != null and page.orderBy != ''">
				ORDER BY ${page.orderBy}
			</when>
			<otherwise>
				ORDER BY a.sort ASC
			</otherwise>
		</choose>
	</select>
	
	<select id="findAllList" resultType="SysFileTree">
		SELECT 
			<include refid="sysFileTreeColumns"/>
		FROM sys_file_tree a
		<include refid="sysFileTreeJoins"/>
		<where>
			a.del_flag = #{DEL_FLAG_NORMAL}
		</where>		
		<choose>
			<when test="page !=null and page.orderBy != null and page.orderBy != ''">
				ORDER BY ${page.orderBy}
			</when>
			<otherwise>
				ORDER BY a.sort ASC
			</otherwise>
		</choose>
	</select>
	
	<select id="selectChildrenByParentId" resultType="SysFileTree">
		SELECT 
			<include refid="sysFileTreeColumns"/>
		FROM sys_file_tree a
		<include refid="sysFileTreeJoins"/>
		<where>
			a.del_flag = 0 and a.parent_id = #{parentId} ORDER BY a.sort ASC
		</where>		
	</select>
	
	<insert id="insert">
		INSERT INTO sys_file_tree(
			id,
			parent_id,
			parent_ids,
			name,
			sort,
			tree_leaf,
			tree_level,
			create_by,
			create_date,
			update_by,
			update_date,
			remarks,
			del_flag
		) VALUES (
			#{id},
			#{parentId},
			#{parentIds},
			#{name},
			#{sort},
			#{treeLeaf},
			#{treeLevel},
			#{createBy.id},
			#{createDate},
			#{updateBy.id},
			#{updateDate},
			#{remarks},
			#{delFlag}
		)
	</insert>
	
	<update id="update">
		UPDATE sys_file_tree SET 	
			parent_id = #{parentId},
			parent_ids = #{parentIds},
			name = #{name},
			sort = #{sort},
			tree_leaf = #{treeLeaf},
			tree_level = #{treeLevel},
			update_by = #{updateBy.id},
			update_date = #{updateDate},
			remarks = #{remarks}
		WHERE id = #{id}
	</update>
	
	<update id="delete">
		UPDATE sys_file_tree SET 
			del_flag = #{DEL_FLAG_DELETE}
		WHERE id = #{id}
	</update>
	
</mapper>